Feature,Importance
Monetary,0.880007822630872
Frequency,0.11999217736912805
