Cluster,Recency,Frequency,Monetary
2,12.210599721059973,13.711297071129707,8059.183626220362
1,71.38617200674537,4.050590219224283,1779.9361745362562
0,18.053827751196174,2.150717703349282,547.2066148325358
3,183.078125,1.314375,337.690750625
